parent_company_id,child_company_id,relationship_type,source
alphabet,google,subsidiary,curated
amazon-web-services,amazon,division,curated
audi,volkswagen-group,parent,curated
facebook,meta-platforms,parent,curated
google,alphabet,parent,curated
instagram,meta-platforms,parent,curated
meta-platforms,facebook,brand,curated
meta-platforms,instagram,subsidiary,curated
meta-platforms,whatsapp,subsidiary,curated
porsche,volkswagen-group,parent,curated
tata-consultancy-services,tata-sons,parent,curated
tata-motors,tata-sons,parent,curated
tata-sons,tata-consultancy-services,subsidiary,curated
tata-sons,tata-motors,subsidiary,curated
volkswagen-group,audi,subsidiary,curated
volkswagen-group,porsche,subsidiary,curated
whatsapp,meta-platforms,parent,curated
