company_id,domain,evidence_type,source_url,source,checked,observed_at
alphabet,abc.xyz,external_reputable,https://www.wikidata.org/wiki/Q20800404,curated,false,
bharti-airtel,airtel.in,first_party_legal_page,https://www.airtel.in/contact-us,curated,false,
bharti-airtel,airtel.in,mx_record,https://www.rfc-editor.org/rfc/rfc7483,curated,false,
amazon,amazon.com,first_party_legal_page,https://www.amazon.com/gp/help/customer/display.html?nodeId=GX7NJQ4ZB8MHFRNJ,curated,true,
amazon,amazon.com,mx_record,https://www.rfc-editor.org/rfc/rfc7483,curated,true,
amazon,amazon.in,external_reputable,https://www.amazon.in/,curated,false,
apollo-hospitals,apollohospitals.com,first_party_careers_contact,https://www.apollohospitals.com/careers,curated,false,
audi,audi.com,first_party_legal_page,https://www.audi.com/en/legal-notice.html,curated,false,
audi,audi.com,mx_record,https://www.rfc-editor.org/rfc/rfc7483,curated,false,
audi,audi.de,external_reputable,https://www.audi.de/,curated,false,
facebook,facebook.com,external_reputable,https://about.fb.com/,curated,false,
meta-platforms,fb.com,first_party_document,https://about.fb.com/news/2021/10/facebook-company-is-now-meta/,curated,true,
meta-platforms,fb.com,mx_record,https://www.rfc-editor.org/rfc/rfc7483,curated,true,
google,google.com,first_party_legal_page,https://about.google/,curated,true,
google,google.com,mx_record,https://www.rfc-editor.org/rfc/rfc7483,curated,true,
hdfc-bank,hdfcbank.com,first_party_legal_page,https://www.hdfcbank.com/personal/need-help,curated,false,
hdfc-bank,hdfcbank.com,mx_record,https://www.rfc-editor.org/rfc/rfc7483,curated,false,
hsbc,hsbc.co.uk,first_party_legal_page,https://www.hsbc.co.uk/,curated,false,
hsbc,hsbc.com,first_party_legal_page,https://www.hsbc.com/contact/,curated,false,
hsbc,hsbc.com,mx_record,https://www.rfc-editor.org/rfc/rfc7483,curated,false,
hsbc,hsbc.com.hk,external_reputable,https://www.hsbc.com.hk/,curated,false,
iit-bombay,iitb.ac.in,first_party_role_address,https://www.iitb.ac.in/en/about-iit-bombay/contact-us,curated,false,
instagram,instagram.com,external_reputable,https://www.wikidata.org/wiki/Q209330,curated,false,
meta-platforms,meta.com,external_reputable,https://www.wikidata.org/wiki/Q380,curated,false,
microsoft,microsoft.co.uk,external_reputable,https://www.microsoft.com/en-gb/,curated,false,
microsoft,microsoft.com,first_party_document,https://www.sec.gov/cgi-bin/browse-edgar?action=getcompany&CIK=0000789019,curated,true,
microsoft,microsoft.com,first_party_legal_page,https://www.microsoft.com/en-us/legal/intellectualproperty/trademarks,curated,true,
porsche,porsche.com,first_party_legal_page,https://www.porsche.com/international/legal-notice/,curated,false,
porsche,porsche.com,mx_record,https://www.rfc-editor.org/rfc/rfc7483,curated,false,
tata-sons,tata.com,first_party_legal_page,https://www.tata.com/contact-us,curated,false,
tata-sons,tata.com,mx_record,https://www.rfc-editor.org/rfc/rfc7483,curated,false,
tata-motors,tatamotors.com,first_party_careers_contact,https://www.tatamotors.com/careers/,curated,false,
tata-consultancy-services,tcs.com,first_party_careers_contact,https://www.tcs.com/careers,curated,true,
tata-consultancy-services,tcs.com,mx_record,https://www.rfc-editor.org/rfc/rfc7483,curated,true,
volkswagen-group,volkswagen-group.com,external_reputable,https://www.wikidata.org/wiki/Q156578,curated,false,
volkswagen-group,volkswagen.de,first_party_legal_page,https://www.volkswagen.de/de/impressum.html,curated,false,
volkswagen-group,volkswagen.de,mx_record,https://www.rfc-editor.org/rfc/rfc7483,curated,false,
whatsapp,whatsapp.com,external_reputable,https://www.wikidata.org/wiki/Q10686,curated,false,
